{"cameraMode":{"drawMode":0,"name":"Shaded","section":"Shading Mode"},"sceneLighting":true,"audioPlay":false,"sceneViewState":{"showFog":true,"showMaterialUpdate":false,"showSkybox":true,"showFlares":true,"showImageEffects":true,"showParticleSystems":true},"in2DMode":false,"pivot":{"x":-2.0986835956573488,"y":1.110636830329895,"z":12.1588773727417},"rotation":{"x":-0.0667625367641449,"y":0.17036457359790803,"z":-0.011569934897124768,"w":-0.9830511212348938},"size":7.846873760223389,"orthographic":false}